"Module","Method","Endpoint","Scenario","Expected","Sources"
"(unattributed)","DELETE","/api/attendance/holiday-templates/delete/{holidayTemplateId}","Positive — documented request","2xx","inventory"
"(unattributed)","DELETE","/api/attendance/holiday-templates/delete/{holidayTemplateId}","Negative — no credential","401 or 403","inventory"
"(unattributed)","DELETE","/api/attendance/holiday-templates/delete/{holidayTemplateId}","Negative — malformed token","401","inventory"
"(unattributed)","DELETE","/api/attendance/holiday-templates/delete/{holidayTemplateId}","Negative — non-existent id","404","inventory"
"(unattributed)","PATCH","/api/attendance/week-off-assignment/changeStatus","Positive — documented request","2xx","inventory"
"(unattributed)","PATCH","/api/attendance/week-off-assignment/changeStatus","Negative — no credential","401 or 403","inventory"
"(unattributed)","PATCH","/api/attendance/week-off-assignment/changeStatus","Negative — malformed token","401","inventory"
"(unattributed)","PATCH","/api/attendance/week-off-assignment/changeStatus","Negative — empty body","400 or 422","inventory"
"(unattributed)","PATCH","/api/attendance/week-off-assignment/changeStatus","Negative — wrong content type","415","inventory"
"(unattributed)","POST","/api/attendance/week-off-assignment/getByWeekOff","Positive — documented request","2xx","inventory"
"(unattributed)","POST","/api/attendance/week-off-assignment/getByWeekOff","Negative — no credential","401 or 403","inventory"
"(unattributed)","POST","/api/attendance/week-off-assignment/getByWeekOff","Negative — malformed token","401","inventory"
"(unattributed)","POST","/api/attendance/week-off-assignment/getByWeekOff","Negative — empty body","400 or 422","inventory"
"(unattributed)","POST","/api/attendance/week-off-assignment/getByWeekOff","Negative — wrong content type","415","inventory"
"(unattributed)","PATCH","/api/attendance/week-offs/actDeact/3/status","Positive — documented request","2xx","inventory"
"(unattributed)","PATCH","/api/attendance/week-offs/actDeact/3/status","Negative — no credential","401 or 403","inventory"
"(unattributed)","PATCH","/api/attendance/week-offs/actDeact/3/status","Negative — malformed token","401","inventory"
"(unattributed)","PATCH","/api/attendance/week-offs/actDeact/3/status","Negative — empty body","400 or 422","inventory"
"(unattributed)","PATCH","/api/attendance/week-offs/actDeact/3/status","Negative — wrong content type","415","inventory"
"(unattributed)","PATCH","/api/attendance/week-offs/actDeact/3/status","Negative — non-existent id","404","inventory"
"(unattributed)","POST","/api/attendance/week-offs/create","Positive — documented request","2xx","inventory"
"(unattributed)","POST","/api/attendance/week-offs/create","Negative — no credential","401 or 403","inventory"
"(unattributed)","POST","/api/attendance/week-offs/create","Negative — malformed token","401","inventory"
"(unattributed)","POST","/api/attendance/week-offs/create","Negative — empty body","400 or 422","inventory"
"(unattributed)","POST","/api/attendance/week-offs/create","Negative — wrong content type","415","inventory"
"(unattributed)","PUT","/api/attendance/week-offs/update/1","Positive — documented request","2xx","inventory"
"(unattributed)","PUT","/api/attendance/week-offs/update/1","Negative — no credential","401 or 403","inventory"
"(unattributed)","PUT","/api/attendance/week-offs/update/1","Negative — malformed token","401","inventory"
"(unattributed)","PUT","/api/attendance/week-offs/update/1","Negative — empty body","400 or 422","inventory"
"(unattributed)","PUT","/api/attendance/week-offs/update/1","Negative — wrong content type","415","inventory"
"(unattributed)","PUT","/api/attendance/week-offs/update/1","Negative — non-existent id","404","inventory"
"(unattributed)","GET","/api/v1/attendance/shift/master","Positive — documented request","2xx","inventory"
"(unattributed)","GET","/api/v1/attendance/shift/master","Negative — no credential","401 or 403","inventory"
"(unattributed)","GET","/api/v1/attendance/shift/master","Negative — malformed token","401","inventory"
"(unattributed)","POST","/api/v1/attendance/shift/master","Positive — documented request","2xx","inventory"
"(unattributed)","POST","/api/v1/attendance/shift/master","Negative — no credential","401 or 403","inventory"
"(unattributed)","POST","/api/v1/attendance/shift/master","Negative — malformed token","401","inventory"
"(unattributed)","POST","/api/v1/attendance/shift/master","Negative — empty body","400 or 422","inventory"
"(unattributed)","POST","/api/v1/attendance/shift/master","Negative — wrong content type","415","inventory"
"(unattributed)","PUT","/api/v1/attendance/shift/master/2","Positive — documented request","2xx","inventory"
"(unattributed)","PUT","/api/v1/attendance/shift/master/2","Negative — no credential","401 or 403","inventory"
"(unattributed)","PUT","/api/v1/attendance/shift/master/2","Negative — malformed token","401","inventory"
"(unattributed)","PUT","/api/v1/attendance/shift/master/2","Negative — empty body","400 or 422","inventory"
"(unattributed)","PUT","/api/v1/attendance/shift/master/2","Negative — wrong content type","415","inventory"
"(unattributed)","PUT","/api/v1/attendance/shift/master/2","Negative — non-existent id","404","inventory"
"(unattributed)","DELETE","/api/v1/attendance/shift/master/6","Positive — documented request","2xx","inventory"
"(unattributed)","DELETE","/api/v1/attendance/shift/master/6","Negative — no credential","401 or 403","inventory"
"(unattributed)","DELETE","/api/v1/attendance/shift/master/6","Negative — malformed token","401","inventory"
"(unattributed)","DELETE","/api/v1/attendance/shift/master/6","Negative — non-existent id","404","inventory"
"(unattributed)","GET","/api/v1/attendance/shift/master/7","Positive — documented request","2xx","inventory"
"(unattributed)","GET","/api/v1/attendance/shift/master/7","Negative — no credential","401 or 403","inventory"
"(unattributed)","GET","/api/v1/attendance/shift/master/7","Negative — malformed token","401","inventory"
"(unattributed)","GET","/api/v1/attendance/shift/master/7","Negative — non-existent id","404","inventory"
"(unattributed)","PATCH","/api/v1/attendance/shift/master/status/7","Positive — documented request","2xx","inventory"
"(unattributed)","PATCH","/api/v1/attendance/shift/master/status/7","Negative — no credential","401 or 403","inventory"
"(unattributed)","PATCH","/api/v1/attendance/shift/master/status/7","Negative — malformed token","401","inventory"
"(unattributed)","PATCH","/api/v1/attendance/shift/master/status/7","Negative — empty body","400 or 422","inventory"
"(unattributed)","PATCH","/api/v1/attendance/shift/master/status/7","Negative — non-existent id","404","inventory"
"(unattributed)","GET","/user/leaves/getAllLeaveReports","Positive — documented request","2xx","inventory"
"(unattributed)","GET","/user/leaves/getAllLeaveReports","Negative — no credential","401 or 403","inventory"
"(unattributed)","GET","/user/leaves/getAllLeaveReports","Negative — malformed token","401","inventory"
"(unattributed)","GET","/users/me","Positive — documented request","2xx","inventory"
"Attendance Management","GET","{{baseURL}}/api/attendancepolicy","Positive — documented request","2xx","postman"
"Attendance Management","GET","{{baseURL}}/api/attendancepolicy","Negative — non-existent id","404","postman"
"Attendance Management","POST","{{baseURL}}/api/attendancepolicy","Positive — documented request","2xx","postman"
"Attendance Management","POST","{{baseURL}}/api/attendancepolicy","Negative — empty body","400 or 422","postman"
"Attendance Management","POST","{{baseURL}}/api/attendancepolicy","Negative — wrong content type","415","postman"
"Attendance Management","POST","{{baseURL}}/api/attendancepolicy","Negative — non-existent id","404","postman"
"Attendance Management","GET","{{baseURL}}/api/attendancepolicy/1","Positive — documented request","2xx","postman"
"Attendance Management","GET","{{baseURL}}/api/attendancepolicy/1","Negative — non-existent id","404","postman"
"Attendance Management","DELETE","{{baseURL}}/api/attendancepolicy/2","Positive — documented request","2xx","postman"
"Attendance Management","DELETE","{{baseURL}}/api/attendancepolicy/2","Negative — non-existent id","404","postman"
"Attendance Management","PUT","{{baseURL}}/api/attendancepolicy/2","Positive — documented request","2xx","postman"
"Attendance Management","PUT","{{baseURL}}/api/attendancepolicy/2","Negative — empty body","400 or 422","postman"
"Attendance Management","PUT","{{baseURL}}/api/attendancepolicy/2","Negative — wrong content type","415","postman"
"Attendance Management","PUT","{{baseURL}}/api/attendancepolicy/2","Negative — non-existent id","404","postman"
"Attendance Management","PATCH","{{baseURL}}/api/attendancepolicy/4/status","Positive — documented request","2xx","postman"
"Attendance Management","PATCH","{{baseURL}}/api/attendancepolicy/4/status","Negative — empty body","400 or 422","postman"
"Attendance Management","PATCH","{{baseURL}}/api/attendancepolicy/4/status","Negative — non-existent id","404","postman"
"Attendance Management","GET","{{baseURL}}/api/v1/attendance/shift/master","Positive — documented request","2xx","postman"
"Attendance Management","GET","{{baseURL}}/api/v1/attendance/shift/master","Negative — non-existent id","404","postman"
"Attendance Management","POST","{{baseURL}}/api/v1/attendance/shift/master","Positive — documented request","2xx","postman"
"Attendance Management","POST","{{baseURL}}/api/v1/attendance/shift/master","Negative — empty body","400 or 422","postman"
"Attendance Management","POST","{{baseURL}}/api/v1/attendance/shift/master","Negative — wrong content type","415","postman"
"Attendance Management","POST","{{baseURL}}/api/v1/attendance/shift/master","Negative — non-existent id","404","postman"
"Attendance Management","PUT","{{baseURL}}/api/v1/attendance/shift/master/2","Positive — documented request","2xx","postman"
"Attendance Management","PUT","{{baseURL}}/api/v1/attendance/shift/master/2","Negative — empty body","400 or 422","postman"
"Attendance Management","PUT","{{baseURL}}/api/v1/attendance/shift/master/2","Negative — wrong content type","415","postman"
"Attendance Management","PUT","{{baseURL}}/api/v1/attendance/shift/master/2","Negative — non-existent id","404","postman"
"Attendance Management","DELETE","{{baseURL}}/api/v1/attendance/shift/master/6","Positive — documented request","2xx","postman"
"Attendance Management","DELETE","{{baseURL}}/api/v1/attendance/shift/master/6","Negative — non-existent id","404","postman"
"Attendance Management","GET","{{baseURL}}/api/v1/attendance/shift/master/7","Positive — documented request","2xx","postman"
"Attendance Management","GET","{{baseURL}}/api/v1/attendance/shift/master/7","Negative — non-existent id","404","postman"
"Attendance Management","PATCH","{{baseURL}}/api/v1/attendance/shift/master/status/7","Positive — documented request","2xx","postman"
"Attendance Management","PATCH","{{baseURL}}/api/v1/attendance/shift/master/status/7","Negative — empty body","400 or 422","postman"
"Attendance Management","PATCH","{{baseURL}}/api/v1/attendance/shift/master/status/7","Negative — non-existent id","404","postman"
"Attendance Policy","POST","/api/attendancepolicy","Positive — documented request","2xx","inventory/yaml-collection"
"Attendance Policy","POST","/api/attendancepolicy","Negative — no credential","401 or 403","inventory/yaml-collection"
"Attendance Policy","POST","/api/attendancepolicy","Negative — malformed token","401","inventory/yaml-collection"
"Attendance Policy","POST","/api/attendancepolicy","Negative — empty body","400 or 422","inventory/yaml-collection"
"Attendance Policy","POST","/api/attendancepolicy","Negative — wrong content type","415","inventory/yaml-collection"
"Attendance Policy","GET","/api/attendancepolicy/1","Positive — documented request","2xx","inventory/yaml-collection"
"Attendance Policy","GET","/api/attendancepolicy/1","Negative — no credential","401 or 403","inventory/yaml-collection"
"Attendance Policy","GET","/api/attendancepolicy/1","Negative — malformed token","401","inventory/yaml-collection"
"Attendance Policy","GET","/api/attendancepolicy/1","Negative — non-existent id","404","inventory/yaml-collection"
"Attendance Policy","DELETE","/api/attendancepolicy/2","Positive — documented request","2xx","inventory/yaml-collection"
"Attendance Policy","DELETE","/api/attendancepolicy/2","Negative — no credential","401 or 403","inventory/yaml-collection"
"Attendance Policy","DELETE","/api/attendancepolicy/2","Negative — malformed token","401","inventory/yaml-collection"
"Attendance Policy","DELETE","/api/attendancepolicy/2","Negative — non-existent id","404","inventory/yaml-collection"
"Attendance Policy","PUT","/api/attendancepolicy/2","Positive — documented request","2xx","inventory/yaml-collection"
"Attendance Policy","PUT","/api/attendancepolicy/2","Negative — no credential","401 or 403","inventory/yaml-collection"
"Attendance Policy","PUT","/api/attendancepolicy/2","Negative — malformed token","401","inventory/yaml-collection"
"Attendance Policy","PUT","/api/attendancepolicy/2","Negative — empty body","400 or 422","inventory/yaml-collection"
"Attendance Policy","PUT","/api/attendancepolicy/2","Negative — wrong content type","415","inventory/yaml-collection"
"Attendance Policy","PUT","/api/attendancepolicy/2","Negative — non-existent id","404","inventory/yaml-collection"
"Attendance Policy","PATCH","/api/attendancepolicy/4/status","Positive — documented request","2xx","inventory/yaml-collection"
"Attendance Policy","PATCH","/api/attendancepolicy/4/status","Negative — no credential","401 or 403","inventory/yaml-collection"
"Attendance Policy","PATCH","/api/attendancepolicy/4/status","Negative — malformed token","401","inventory/yaml-collection"
"Attendance Policy","PATCH","/api/attendancepolicy/4/status","Negative — empty body","400 or 422","inventory/yaml-collection"
"Attendance Policy","PATCH","/api/attendancepolicy/4/status","Negative — non-existent id","404","inventory/yaml-collection"
"Attendance Policy","POST","/auth/token","Positive — documented request","2xx","inventory/yaml-collection"
"Attendance Policy","POST","/auth/token","Negative — empty body","400 or 422","inventory/yaml-collection"
"Attendance Policy","POST","/auth/token","Negative — wrong content type","415","inventory/yaml-collection"
"Attendance Status Threshold API","PATCH","{{baseUrl}}/api/attendance/status-threshold/1/status","Positive — documented request","2xx","postman"
"Attendance Status Threshold API","PATCH","{{baseUrl}}/api/attendance/status-threshold/1/status","Negative — no credential","401 or 403","postman"
"Attendance Status Threshold API","PATCH","{{baseUrl}}/api/attendance/status-threshold/1/status","Negative — malformed token","401","postman"
"Attendance Status Threshold API","PATCH","{{baseUrl}}/api/attendance/status-threshold/1/status","Negative — empty body","400 or 422","postman"
"Attendance Status Threshold API","PATCH","{{baseUrl}}/api/attendance/status-threshold/1/status","Negative — wrong content type","415","postman"
"Attendance Status Threshold API","PATCH","{{baseUrl}}/api/attendance/status-threshold/1/status","Negative — non-existent id","404","postman"
"Attendance Status Threshold API","POST","{{baseUrl}}/api/attendance/status-threshold/create","Positive — documented request","2xx","postman"
"Attendance Status Threshold API","POST","{{baseUrl}}/api/attendance/status-threshold/create","Negative — no credential","401 or 403","postman"
"Attendance Status Threshold API","POST","{{baseUrl}}/api/attendance/status-threshold/create","Negative — malformed token","401","postman"
"Attendance Status Threshold API","POST","{{baseUrl}}/api/attendance/status-threshold/create","Negative — empty body","400 or 422","postman"
"Attendance Status Threshold API","POST","{{baseUrl}}/api/attendance/status-threshold/create","Negative — wrong content type","415","postman"
"Attendance Status Threshold API","POST","{{baseUrl}}/api/attendance/status-threshold/create","Negative — non-existent id","404","postman"
"Attendance Status Threshold API","GET","{{baseUrl}}/api/attendance/status-threshold/getAll","Positive — documented request","2xx","postman"
"Attendance Status Threshold API","GET","{{baseUrl}}/api/attendance/status-threshold/getAll","Negative — no credential","401 or 403","postman"
"Attendance Status Threshold API","GET","{{baseUrl}}/api/attendance/status-threshold/getAll","Negative — malformed token","401","postman"
"Attendance Status Threshold API","GET","{{baseUrl}}/api/attendance/status-threshold/getAll","Negative — non-existent id","404","postman"
"Attendance Status Threshold API","GET","{{baseUrl}}/api/attendance/status-threshold/getById/8","Positive — documented request","2xx","postman"
"Attendance Status Threshold API","GET","{{baseUrl}}/api/attendance/status-threshold/getById/8","Negative — no credential","401 or 403","postman"
"Attendance Status Threshold API","GET","{{baseUrl}}/api/attendance/status-threshold/getById/8","Negative — malformed token","401","postman"
"Attendance Status Threshold API","GET","{{baseUrl}}/api/attendance/status-threshold/getById/8","Negative — non-existent id","404","postman"
"Attendance Status Threshold API","PUT","{{baseUrl}}/api/attendance/status-threshold/update/1","Positive — documented request","2xx","postman"
"Attendance Status Threshold API","PUT","{{baseUrl}}/api/attendance/status-threshold/update/1","Negative — no credential","401 or 403","postman"
"Attendance Status Threshold API","PUT","{{baseUrl}}/api/attendance/status-threshold/update/1","Negative — malformed token","401","postman"
"Attendance Status Threshold API","PUT","{{baseUrl}}/api/attendance/status-threshold/update/1","Negative — empty body","400 or 422","postman"
"Attendance Status Threshold API","PUT","{{baseUrl}}/api/attendance/status-threshold/update/1","Negative — wrong content type","415","postman"
"Attendance Status Threshold API","PUT","{{baseUrl}}/api/attendance/status-threshold/update/1","Negative — non-existent id","404","postman"
"Attendance Status Threshold API","DELETE","{{baseUrl}}/api/attendance/status-thresholds/delete/1","Positive — documented request","2xx","postman"
"Attendance Status Threshold API","DELETE","{{baseUrl}}/api/attendance/status-thresholds/delete/1","Negative — no credential","401 or 403","postman"
"Attendance Status Threshold API","DELETE","{{baseUrl}}/api/attendance/status-thresholds/delete/1","Negative — malformed token","401","postman"
"Attendance Status Threshold API","DELETE","{{baseUrl}}/api/attendance/status-thresholds/delete/1","Negative — non-existent id","404","postman"
"Attenedance-july2026","PATCH","{{baseURL}}/api/attendance/week-off-assignment/changeStatus","Positive — documented request","2xx","postman"
"Attenedance-july2026","PATCH","{{baseURL}}/api/attendance/week-off-assignment/changeStatus","Negative — no credential","401 or 403","postman"
"Attenedance-july2026","PATCH","{{baseURL}}/api/attendance/week-off-assignment/changeStatus","Negative — malformed token","401","postman"
"Attenedance-july2026","PATCH","{{baseURL}}/api/attendance/week-off-assignment/changeStatus","Negative — empty body","400 or 422","postman"
"Attenedance-july2026","PATCH","{{baseURL}}/api/attendance/week-off-assignment/changeStatus","Negative — wrong content type","415","postman"
"Attenedance-july2026","PATCH","{{baseURL}}/api/attendance/week-off-assignment/changeStatus","Negative — non-existent id","404","postman"
"Attenedance-july2026","POST","{{baseURL}}/api/attendance/week-off-assignment/getByWeekOff","Positive — documented request","2xx","postman"
"Attenedance-july2026","POST","{{baseURL}}/api/attendance/week-off-assignment/getByWeekOff","Negative — no credential","401 or 403","postman"
"Attenedance-july2026","POST","{{baseURL}}/api/attendance/week-off-assignment/getByWeekOff","Negative — malformed token","401","postman"
"Attenedance-july2026","POST","{{baseURL}}/api/attendance/week-off-assignment/getByWeekOff","Negative — empty body","400 or 422","postman"
"Attenedance-july2026","POST","{{baseURL}}/api/attendance/week-off-assignment/getByWeekOff","Negative — wrong content type","415","postman"
"Attenedance-july2026","POST","{{baseURL}}/api/attendance/week-off-assignment/getByWeekOff","Negative — non-existent id","404","postman"
"Attenedance-july2026","PATCH","{{baseURL}}/api/attendance/week-offs/actDeact/3/status","Positive — documented request","2xx","postman"
"Attenedance-july2026","PATCH","{{baseURL}}/api/attendance/week-offs/actDeact/3/status","Negative — no credential","401 or 403","postman"
"Attenedance-july2026","PATCH","{{baseURL}}/api/attendance/week-offs/actDeact/3/status","Negative — malformed token","401","postman"
"Attenedance-july2026","PATCH","{{baseURL}}/api/attendance/week-offs/actDeact/3/status","Negative — empty body","400 or 422","postman"
"Attenedance-july2026","PATCH","{{baseURL}}/api/attendance/week-offs/actDeact/3/status","Negative — wrong content type","415","postman"
"Attenedance-july2026","PATCH","{{baseURL}}/api/attendance/week-offs/actDeact/3/status","Negative — non-existent id","404","postman"
"Attenedance-july2026","POST","{{baseURL}}/api/attendance/week-offs/create","Positive — documented request","2xx","postman"
"Attenedance-july2026","POST","{{baseURL}}/api/attendance/week-offs/create","Negative — no credential","401 or 403","postman"
"Attenedance-july2026","POST","{{baseURL}}/api/attendance/week-offs/create","Negative — malformed token","401","postman"
"Attenedance-july2026","POST","{{baseURL}}/api/attendance/week-offs/create","Negative — empty body","400 or 422","postman"
"Attenedance-july2026","POST","{{baseURL}}/api/attendance/week-offs/create","Negative — wrong content type","415","postman"
"Attenedance-july2026","POST","{{baseURL}}/api/attendance/week-offs/create","Negative — non-existent id","404","postman"
"Attenedance-july2026","GET","{{baseURL}}/api/attendance/week-offs/getAll","Positive — documented request","2xx","postman"
"Attenedance-july2026","GET","{{baseURL}}/api/attendance/week-offs/getAll","Negative — no credential","401 or 403","postman"
"Attenedance-july2026","GET","{{baseURL}}/api/attendance/week-offs/getAll","Negative — malformed token","401","postman"
"Attenedance-july2026","GET","{{baseURL}}/api/attendance/week-offs/getAll","Negative — non-existent id","404","postman"
"Attenedance-july2026","GET","{{baseURL}}/api/attendance/week-offs/getById/1","Positive — documented request","2xx","postman"
"Attenedance-july2026","GET","{{baseURL}}/api/attendance/week-offs/getById/1","Negative — no credential","401 or 403","postman"
"Attenedance-july2026","GET","{{baseURL}}/api/attendance/week-offs/getById/1","Negative — malformed token","401","postman"
"Attenedance-july2026","GET","{{baseURL}}/api/attendance/week-offs/getById/1","Negative — non-existent id","404","postman"
"Attenedance-july2026","PUT","{{baseURL}}/api/attendance/week-offs/update/1","Positive — documented request","2xx","postman"
"Attenedance-july2026","PUT","{{baseURL}}/api/attendance/week-offs/update/1","Negative — no credential","401 or 403","postman"
"Attenedance-july2026","PUT","{{baseURL}}/api/attendance/week-offs/update/1","Negative — malformed token","401","postman"
"Attenedance-july2026","PUT","{{baseURL}}/api/attendance/week-offs/update/1","Negative — empty body","400 or 422","postman"
"Attenedance-july2026","PUT","{{baseURL}}/api/attendance/week-offs/update/1","Negative — wrong content type","415","postman"
"Attenedance-july2026","PUT","{{baseURL}}/api/attendance/week-offs/update/1","Negative — non-existent id","404","postman"
"Employee Auth API","POST","{{authBaseUrl}}/auth/token","Positive — documented request","2xx","postman"
"Employee Auth API","POST","{{authBaseUrl}}/auth/token","Negative — empty body","400 or 422","postman"
"Employee Auth API","POST","{{authBaseUrl}}/auth/token","Negative — wrong content type","415","postman"
"Employee Auth API","POST","{{authBaseUrl}}/auth/token","Negative — non-existent id","404","postman"
"Global Test Cases","GET","/api/attendance/holiday-templates/1/status","Positive — documented request","2xx","yaml-collection"
"Global Test Cases","GET","/api/attendance/holiday-templates/1/status","Negative — non-existent id","404","yaml-collection"
"Global Test Cases","GET","/api/attendance/holiday-templates/create","Positive — documented request","2xx","yaml-collection"
"Global Test Cases","GET","/api/attendance/holiday-templates/getAll","Positive — documented request","2xx","inventory/yaml-collection"
"Global Test Cases","GET","/api/attendance/holiday-templates/getAll","Negative — no credential","401 or 403","inventory/yaml-collection"
"Global Test Cases","GET","/api/attendance/holiday-templates/getAll","Negative — malformed token","401","inventory/yaml-collection"
"Global Test Cases","GET","/api/attendance/holiday-templates/update/1","Positive — documented request","2xx","yaml-collection"
"Global Test Cases","GET","/api/attendance/holiday-templates/update/1","Negative — non-existent id","404","yaml-collection"
"Global Test Cases","GET","/api/attendance/late-early-policies/138/status","Positive — documented request","2xx","yaml-collection"
"Global Test Cases","GET","/api/attendance/late-early-policies/138/status","Negative — non-existent id","404","yaml-collection"
"Global Test Cases","GET","/api/attendance/late-early-policies/create","Positive — documented request","2xx","yaml-collection"
"Global Test Cases","GET","/api/attendance/late-early-policies/update/138","Positive — documented request","2xx","yaml-collection"
"Global Test Cases","GET","/api/attendance/late-early-policies/update/138","Negative — non-existent id","404","yaml-collection"
"Global Test Cases","GET","/api/attendance/status-threshold/80/status","Positive — documented request","2xx","yaml-collection"
"Global Test Cases","GET","/api/attendance/status-threshold/80/status","Negative — non-existent id","404","yaml-collection"
"Global Test Cases","GET","/api/attendance/status-threshold/create","Positive — documented request","2xx","yaml-collection"
"Global Test Cases","GET","/api/attendance/status-threshold/delete/80","Positive — documented request","2xx","yaml-collection"
"Global Test Cases","GET","/api/attendance/status-threshold/delete/80","Negative — non-existent id","404","yaml-collection"
"Global Test Cases","GET","/api/attendance/status-threshold/update/80","Positive — documented request","2xx","yaml-collection"
"Global Test Cases","GET","/api/attendance/status-threshold/update/80","Negative — non-existent id","404","yaml-collection"
"Global Test Cases","GET","/api/attendance/week-offs/actDeact/134/status","Positive — documented request","2xx","yaml-collection"
"Global Test Cases","GET","/api/attendance/week-offs/actDeact/134/status","Negative — non-existent id","404","yaml-collection"
"Global Test Cases","GET","/api/attendance/week-offs/create","Positive — documented request","2xx","yaml-collection"
"Global Test Cases","GET","/api/attendance/week-offs/getAll","Positive — documented request","2xx","inventory/yaml-collection"
"Global Test Cases","GET","/api/attendance/week-offs/getAll","Negative — no credential","401 or 403","inventory/yaml-collection"
"Global Test Cases","GET","/api/attendance/week-offs/getAll","Negative — malformed token","401","inventory/yaml-collection"
"Global Test Cases","GET","/api/attendance/week-offs/getById/1","Positive — documented request","2xx","inventory/yaml-collection"
"Global Test Cases","GET","/api/attendance/week-offs/getById/1","Negative — no credential","401 or 403","inventory/yaml-collection"
"Global Test Cases","GET","/api/attendance/week-offs/getById/1","Negative — malformed token","401","inventory/yaml-collection"
"Global Test Cases","GET","/api/attendance/week-offs/getById/1","Negative — non-existent id","404","inventory/yaml-collection"
"Global Test Cases","GET","/api/attendance/week-offs/update/134","Positive — documented request","2xx","yaml-collection"
"Global Test Cases","GET","/api/attendance/week-offs/update/134","Negative — non-existent id","404","yaml-collection"
"Global Test Cases","GET","/api/attendancepolicy","Positive — documented request","2xx","inventory/yaml-collection"
"Global Test Cases","GET","/api/attendancepolicy","Negative — no credential","401 or 403","inventory/yaml-collection"
"Global Test Cases","GET","/api/attendancepolicy","Negative — malformed token","401","inventory/yaml-collection"
"Global Test Cases","GET","/api/attendancepolicy/20/status","Positive — documented request","2xx","yaml-collection"
"Global Test Cases","GET","/api/attendancepolicy/20/status","Negative — non-existent id","404","yaml-collection"
"HCM - Attendance","POST","/user/attendance/checkin","Positive — documented request","2xx","workbook"
"HCM - Attendance","POST","/user/attendance/checkin","Negative — no credential","401 or 403","workbook"
"HCM - Attendance","POST","/user/attendance/checkin","Negative — malformed token","401","workbook"
"HCM - Attendance","POST","/user/attendance/checkin","Negative — empty body","400 or 422","workbook"
"HCM - Attendance","POST","/user/attendance/checkin","Negative — wrong content type","415","workbook"
"HCM - Attendance","POST","/user/attendance/checkout","Positive — documented request","2xx","workbook"
"HCM - Attendance","POST","/user/attendance/checkout","Negative — no credential","401 or 403","workbook"
"HCM - Attendance","POST","/user/attendance/checkout","Negative — malformed token","401","workbook"
"HCM - Attendance","POST","/user/attendance/checkout","Negative — empty body","400 or 422","workbook"
"HCM - Attendance","POST","/user/attendance/checkout","Negative — wrong content type","415","workbook"
"HCM - Attendance","GET","/user/attendance/history","Positive — documented request","2xx","workbook"
"HCM - Attendance","GET","/user/attendance/history","Negative — no credential","401 or 403","workbook"
"HCM - Attendance","GET","/user/attendance/history","Negative — malformed token","401","workbook"
"HCM - Attendance","POST","/user/attendance/regularize","Positive — documented request","2xx","workbook"
"HCM - Attendance","POST","/user/attendance/regularize","Negative — no credential","401 or 403","workbook"
"HCM - Attendance","POST","/user/attendance/regularize","Negative — malformed token","401","workbook"
"HCM - Attendance","POST","/user/attendance/regularize","Negative — empty body","400 or 422","workbook"
"HCM - Attendance","POST","/user/attendance/regularize","Negative — wrong content type","415","workbook"
"HCM - Attendance","GET","/user/attendance/summary","Positive — documented request","2xx","workbook"
"HCM - Attendance","GET","/user/attendance/summary","Negative — no credential","401 or 403","workbook"
"HCM - Attendance","GET","/user/attendance/summary","Negative — malformed token","401","workbook"
"Holiday Template APIs Copy","PATCH","{{baseURL}}/api/attendance/holiday-templates/19/status","Positive — documented request","2xx","postman"
"Holiday Template APIs Copy","PATCH","{{baseURL}}/api/attendance/holiday-templates/19/status","Negative — no credential","401 or 403","postman"
"Holiday Template APIs Copy","PATCH","{{baseURL}}/api/attendance/holiday-templates/19/status","Negative — malformed token","401","postman"
"Holiday Template APIs Copy","PATCH","{{baseURL}}/api/attendance/holiday-templates/19/status","Negative — empty body","400 or 422","postman"
"Holiday Template APIs Copy","PATCH","{{baseURL}}/api/attendance/holiday-templates/19/status","Negative — wrong content type","415","postman"
"Holiday Template APIs Copy","PATCH","{{baseURL}}/api/attendance/holiday-templates/19/status","Negative — non-existent id","404","postman"
"Holiday Template APIs Copy","POST","{{baseURL}}/api/attendance/holiday-templates/create","Positive — documented request","2xx","postman"
"Holiday Template APIs Copy","POST","{{baseURL}}/api/attendance/holiday-templates/create","Negative — no credential","401 or 403","postman"
"Holiday Template APIs Copy","POST","{{baseURL}}/api/attendance/holiday-templates/create","Negative — malformed token","401","postman"
"Holiday Template APIs Copy","POST","{{baseURL}}/api/attendance/holiday-templates/create","Negative — empty body","400 or 422","postman"
"Holiday Template APIs Copy","POST","{{baseURL}}/api/attendance/holiday-templates/create","Negative — wrong content type","415","postman"
"Holiday Template APIs Copy","POST","{{baseURL}}/api/attendance/holiday-templates/create","Negative — non-existent id","404","postman"
"Holiday Template APIs Copy","DELETE","{{baseURL}}/api/attendance/holiday-templates/delete/{holidayTemplateId}","Positive — documented request","2xx","postman"
"Holiday Template APIs Copy","DELETE","{{baseURL}}/api/attendance/holiday-templates/delete/{holidayTemplateId}","Negative — no credential","401 or 403","postman"
"Holiday Template APIs Copy","DELETE","{{baseURL}}/api/attendance/holiday-templates/delete/{holidayTemplateId}","Negative — malformed token","401","postman"
"Holiday Template APIs Copy","DELETE","{{baseURL}}/api/attendance/holiday-templates/delete/{holidayTemplateId}","Negative — non-existent id","404","postman"
"Holiday Template APIs Copy","GET","{{baseURL}}/api/attendance/holiday-templates/getAll","Positive — documented request","2xx","postman"
"Holiday Template APIs Copy","GET","{{baseURL}}/api/attendance/holiday-templates/getAll","Negative — no credential","401 or 403","postman"
"Holiday Template APIs Copy","GET","{{baseURL}}/api/attendance/holiday-templates/getAll","Negative — malformed token","401","postman"
"Holiday Template APIs Copy","GET","{{baseURL}}/api/attendance/holiday-templates/getAll","Negative — non-existent id","404","postman"
"Holiday Template APIs Copy","GET","{{baseURL}}/api/attendance/holiday-templates/getById/19","Positive — documented request","2xx","postman"
"Holiday Template APIs Copy","GET","{{baseURL}}/api/attendance/holiday-templates/getById/19","Negative — no credential","401 or 403","postman"
"Holiday Template APIs Copy","GET","{{baseURL}}/api/attendance/holiday-templates/getById/19","Negative — malformed token","401","postman"
"Holiday Template APIs Copy","GET","{{baseURL}}/api/attendance/holiday-templates/getById/19","Negative — non-existent id","404","postman"
"Holiday Template APIs Copy","PUT","{{baseURL}}/api/attendance/holiday-templates/update/{holidayTemplateId}","Positive — documented request","2xx","postman"
"Holiday Template APIs Copy","PUT","{{baseURL}}/api/attendance/holiday-templates/update/{holidayTemplateId}","Negative — no credential","401 or 403","postman"
"Holiday Template APIs Copy","PUT","{{baseURL}}/api/attendance/holiday-templates/update/{holidayTemplateId}","Negative — malformed token","401","postman"
"Holiday Template APIs Copy","PUT","{{baseURL}}/api/attendance/holiday-templates/update/{holidayTemplateId}","Negative — empty body","400 or 422","postman"
"Holiday Template APIs Copy","PUT","{{baseURL}}/api/attendance/holiday-templates/update/{holidayTemplateId}","Negative — wrong content type","415","postman"
"Holiday Template APIs Copy","PUT","{{baseURL}}/api/attendance/holiday-templates/update/{holidayTemplateId}","Negative — non-existent id","404","postman"
"Holiday Templates","PATCH","/api/attendance/holiday-templates/19/status","Positive — documented request","2xx","inventory/yaml-collection"
"Holiday Templates","PATCH","/api/attendance/holiday-templates/19/status","Negative — no credential","401 or 403","inventory/yaml-collection"
"Holiday Templates","PATCH","/api/attendance/holiday-templates/19/status","Negative — malformed token","401","inventory/yaml-collection"
"Holiday Templates","PATCH","/api/attendance/holiday-templates/19/status","Negative — empty body","400 or 422","inventory/yaml-collection"
"Holiday Templates","PATCH","/api/attendance/holiday-templates/19/status","Negative — wrong content type","415","inventory/yaml-collection"
"Holiday Templates","PATCH","/api/attendance/holiday-templates/19/status","Negative — non-existent id","404","inventory/yaml-collection"
"Holiday Templates","POST","/api/attendance/holiday-templates/create","Positive — documented request","2xx","inventory/yaml-collection"
"Holiday Templates","POST","/api/attendance/holiday-templates/create","Negative — no credential","401 or 403","inventory/yaml-collection"
"Holiday Templates","POST","/api/attendance/holiday-templates/create","Negative — malformed token","401","inventory/yaml-collection"
"Holiday Templates","POST","/api/attendance/holiday-templates/create","Negative — empty body","400 or 422","inventory/yaml-collection"
"Holiday Templates","POST","/api/attendance/holiday-templates/create","Negative — wrong content type","415","inventory/yaml-collection"
"Holiday Templates","GET","/api/attendance/holiday-templates/getById/19","Positive — documented request","2xx","inventory/yaml-collection"
"Holiday Templates","GET","/api/attendance/holiday-templates/getById/19","Negative — no credential","401 or 403","inventory/yaml-collection"
"Holiday Templates","GET","/api/attendance/holiday-templates/getById/19","Negative — malformed token","401","inventory/yaml-collection"
"Holiday Templates","GET","/api/attendance/holiday-templates/getById/19","Negative — non-existent id","404","inventory/yaml-collection"
"Holiday Templates","PUT","/api/attendance/holiday-templates/update/{holidayTemplateId}","Positive — documented request","2xx","inventory/yaml-collection"
"Holiday Templates","PUT","/api/attendance/holiday-templates/update/{holidayTemplateId}","Negative — no credential","401 or 403","inventory/yaml-collection"
"Holiday Templates","PUT","/api/attendance/holiday-templates/update/{holidayTemplateId}","Negative — malformed token","401","inventory/yaml-collection"
"Holiday Templates","PUT","/api/attendance/holiday-templates/update/{holidayTemplateId}","Negative — empty body","400 or 422","inventory/yaml-collection"
"Holiday Templates","PUT","/api/attendance/holiday-templates/update/{holidayTemplateId}","Negative — wrong content type","415","inventory/yaml-collection"
"Holiday Templates","PUT","/api/attendance/holiday-templates/update/{holidayTemplateId}","Negative — non-existent id","404","inventory/yaml-collection"
"Late-Early POLICY","PATCH","/api/attendance/late-early-policies/5/status","Positive — documented request","2xx","inventory/yaml-collection"
"Late-Early POLICY","PATCH","/api/attendance/late-early-policies/5/status","Negative — no credential","401 or 403","inventory/yaml-collection"
"Late-Early POLICY","PATCH","/api/attendance/late-early-policies/5/status","Negative — malformed token","401","inventory/yaml-collection"
"Late-Early POLICY","PATCH","/api/attendance/late-early-policies/5/status","Negative — empty body","400 or 422","inventory/yaml-collection"
"Late-Early POLICY","PATCH","/api/attendance/late-early-policies/5/status","Negative — non-existent id","404","inventory/yaml-collection"
"Late-Early POLICY","POST","/api/attendance/late-early-policies/create","Positive — documented request","2xx","inventory/yaml-collection"
"Late-Early POLICY","POST","/api/attendance/late-early-policies/create","Negative — no credential","401 or 403","inventory/yaml-collection"
"Late-Early POLICY","POST","/api/attendance/late-early-policies/create","Negative — malformed token","401","inventory/yaml-collection"
"Late-Early POLICY","POST","/api/attendance/late-early-policies/create","Negative — empty body","400 or 422","inventory/yaml-collection"
"Late-Early POLICY","POST","/api/attendance/late-early-policies/create","Negative — wrong content type","415","inventory/yaml-collection"
"Late-Early POLICY","GET","/api/attendance/late-early-policies/getAll","Positive — documented request","2xx","inventory/yaml-collection"
"Late-Early POLICY","GET","/api/attendance/late-early-policies/getAll","Negative — no credential","401 or 403","inventory/yaml-collection"
"Late-Early POLICY","GET","/api/attendance/late-early-policies/getAll","Negative — malformed token","401","inventory/yaml-collection"
"Late-Early POLICY","GET","/api/attendance/late-early-policies/getById/5","Positive — documented request","2xx","inventory/yaml-collection"
"Late-Early POLICY","GET","/api/attendance/late-early-policies/getById/5","Negative — no credential","401 or 403","inventory/yaml-collection"
"Late-Early POLICY","GET","/api/attendance/late-early-policies/getById/5","Negative — malformed token","401","inventory/yaml-collection"
"Late-Early POLICY","GET","/api/attendance/late-early-policies/getById/5","Negative — non-existent id","404","inventory/yaml-collection"
"Late-Early POLICY","PUT","/api/attendance/late-early-policies/update/2","Positive — documented request","2xx","inventory/yaml-collection"
"Late-Early POLICY","PUT","/api/attendance/late-early-policies/update/2","Negative — no credential","401 or 403","inventory/yaml-collection"
"Late-Early POLICY","PUT","/api/attendance/late-early-policies/update/2","Negative — malformed token","401","inventory/yaml-collection"
"Late-Early POLICY","PUT","/api/attendance/late-early-policies/update/2","Negative — empty body","400 or 422","inventory/yaml-collection"
"Late-Early POLICY","PUT","/api/attendance/late-early-policies/update/2","Negative — wrong content type","415","inventory/yaml-collection"
"Late-Early POLICY","PUT","/api/attendance/late-early-policies/update/2","Negative — non-existent id","404","inventory/yaml-collection"
"Latearly-Policy","PATCH","{{baseURL}}/api/attendance/late-early-policies/5/status","Positive — documented request","2xx","postman"
"Latearly-Policy","PATCH","{{baseURL}}/api/attendance/late-early-policies/5/status","Negative — no credential","401 or 403","postman"
"Latearly-Policy","PATCH","{{baseURL}}/api/attendance/late-early-policies/5/status","Negative — malformed token","401","postman"
"Latearly-Policy","PATCH","{{baseURL}}/api/attendance/late-early-policies/5/status","Negative — empty body","400 or 422","postman"
"Latearly-Policy","PATCH","{{baseURL}}/api/attendance/late-early-policies/5/status","Negative — non-existent id","404","postman"
"Latearly-Policy","POST","{{baseURL}}/api/attendance/late-early-policies/create","Positive — documented request","2xx","postman"
"Latearly-Policy","POST","{{baseURL}}/api/attendance/late-early-policies/create","Negative — no credential","401 or 403","postman"
"Latearly-Policy","POST","{{baseURL}}/api/attendance/late-early-policies/create","Negative — malformed token","401","postman"
"Latearly-Policy","POST","{{baseURL}}/api/attendance/late-early-policies/create","Negative — empty body","400 or 422","postman"
"Latearly-Policy","POST","{{baseURL}}/api/attendance/late-early-policies/create","Negative — wrong content type","415","postman"
"Latearly-Policy","POST","{{baseURL}}/api/attendance/late-early-policies/create","Negative — non-existent id","404","postman"
"Latearly-Policy","GET","{{baseURL}}/api/attendance/late-early-policies/getAll","Positive — documented request","2xx","postman"
"Latearly-Policy","GET","{{baseURL}}/api/attendance/late-early-policies/getAll","Negative — no credential","401 or 403","postman"
"Latearly-Policy","GET","{{baseURL}}/api/attendance/late-early-policies/getAll","Negative — malformed token","401","postman"
"Latearly-Policy","GET","{{baseURL}}/api/attendance/late-early-policies/getAll","Negative — non-existent id","404","postman"
"Latearly-Policy","GET","{{baseURL}}/api/attendance/late-early-policies/getById/5","Positive — documented request","2xx","postman"
"Latearly-Policy","GET","{{baseURL}}/api/attendance/late-early-policies/getById/5","Negative — no credential","401 or 403","postman"
"Latearly-Policy","GET","{{baseURL}}/api/attendance/late-early-policies/getById/5","Negative — malformed token","401","postman"
"Latearly-Policy","GET","{{baseURL}}/api/attendance/late-early-policies/getById/5","Negative — non-existent id","404","postman"
"Latearly-Policy","PUT","{{baseURL}}/api/attendance/late-early-policies/update/2","Positive — documented request","2xx","postman"
"Latearly-Policy","PUT","{{baseURL}}/api/attendance/late-early-policies/update/2","Negative — no credential","401 or 403","postman"
"Latearly-Policy","PUT","{{baseURL}}/api/attendance/late-early-policies/update/2","Negative — malformed token","401","postman"
"Latearly-Policy","PUT","{{baseURL}}/api/attendance/late-early-policies/update/2","Negative — empty body","400 or 422","postman"
"Latearly-Policy","PUT","{{baseURL}}/api/attendance/late-early-policies/update/2","Negative — wrong content type","415","postman"
"Latearly-Policy","PUT","{{baseURL}}/api/attendance/late-early-policies/update/2","Negative — non-existent id","404","postman"
"Leave API","GET","{{leaveBaseUrl}}/user/leaves/getAllLeaveReports","Positive — documented request","2xx","postman"
"Leave API","GET","{{leaveBaseUrl}}/user/leaves/getAllLeaveReports","Negative — non-existent id","404","postman"
"Threshold Templates","PATCH","/api/attendance/status-threshold/1/status","Positive — documented request","2xx","inventory/yaml-collection"
"Threshold Templates","PATCH","/api/attendance/status-threshold/1/status","Negative — no credential","401 or 403","inventory/yaml-collection"
"Threshold Templates","PATCH","/api/attendance/status-threshold/1/status","Negative — malformed token","401","inventory/yaml-collection"
"Threshold Templates","PATCH","/api/attendance/status-threshold/1/status","Negative — empty body","400 or 422","inventory/yaml-collection"
"Threshold Templates","PATCH","/api/attendance/status-threshold/1/status","Negative — wrong content type","415","inventory/yaml-collection"
"Threshold Templates","PATCH","/api/attendance/status-threshold/1/status","Negative — non-existent id","404","inventory/yaml-collection"
"Threshold Templates","POST","/api/attendance/status-threshold/create","Positive — documented request","2xx","inventory/yaml-collection"
"Threshold Templates","POST","/api/attendance/status-threshold/create","Negative — no credential","401 or 403","inventory/yaml-collection"
"Threshold Templates","POST","/api/attendance/status-threshold/create","Negative — malformed token","401","inventory/yaml-collection"
"Threshold Templates","POST","/api/attendance/status-threshold/create","Negative — empty body","400 or 422","inventory/yaml-collection"
"Threshold Templates","POST","/api/attendance/status-threshold/create","Negative — wrong content type","415","inventory/yaml-collection"
"Threshold Templates","GET","/api/attendance/status-threshold/getAll","Positive — documented request","2xx","inventory/yaml-collection"
"Threshold Templates","GET","/api/attendance/status-threshold/getAll","Negative — no credential","401 or 403","inventory/yaml-collection"
"Threshold Templates","GET","/api/attendance/status-threshold/getAll","Negative — malformed token","401","inventory/yaml-collection"
"Threshold Templates","GET","/api/attendance/status-threshold/getById/8","Positive — documented request","2xx","inventory/yaml-collection"
"Threshold Templates","GET","/api/attendance/status-threshold/getById/8","Negative — no credential","401 or 403","inventory/yaml-collection"
"Threshold Templates","GET","/api/attendance/status-threshold/getById/8","Negative — malformed token","401","inventory/yaml-collection"
"Threshold Templates","GET","/api/attendance/status-threshold/getById/8","Negative — non-existent id","404","inventory/yaml-collection"
"Threshold Templates","PUT","/api/attendance/status-threshold/update/1","Positive — documented request","2xx","inventory/yaml-collection"
"Threshold Templates","PUT","/api/attendance/status-threshold/update/1","Negative — no credential","401 or 403","inventory/yaml-collection"
"Threshold Templates","PUT","/api/attendance/status-threshold/update/1","Negative — malformed token","401","inventory/yaml-collection"
"Threshold Templates","PUT","/api/attendance/status-threshold/update/1","Negative — empty body","400 or 422","inventory/yaml-collection"
"Threshold Templates","PUT","/api/attendance/status-threshold/update/1","Negative — wrong content type","415","inventory/yaml-collection"
"Threshold Templates","PUT","/api/attendance/status-threshold/update/1","Negative — non-existent id","404","inventory/yaml-collection"
"Threshold Templates","DELETE","/api/attendance/status-thresholds/delete/1","Positive — documented request","2xx","inventory/yaml-collection"
"Threshold Templates","DELETE","/api/attendance/status-thresholds/delete/1","Negative — no credential","401 or 403","inventory/yaml-collection"
"Threshold Templates","DELETE","/api/attendance/status-thresholds/delete/1","Negative — malformed token","401","inventory/yaml-collection"
"Threshold Templates","DELETE","/api/attendance/status-thresholds/delete/1","Negative — non-existent id","404","inventory/yaml-collection"
"User API","GET","{{baseUrl}}/","Positive — documented request","2xx","postman"
"User API","GET","{{baseUrl}}/","Negative — non-existent id","404","postman"
"User API","GET","{{baseUrl}}/about","Positive — documented request","2xx","postman"
"User API","GET","{{baseUrl}}/about","Negative — non-existent id","404","postman"
"User API","GET","{{baseUrl}}/messages","Positive — documented request","2xx","postman"
"User API","GET","{{baseUrl}}/messages","Negative — non-existent id","404","postman"
"User API","POST","{{baseUrl}}/messages/{{messageName}}/","Positive — documented request","2xx","postman"
"User API","POST","{{baseUrl}}/messages/{{messageName}}/","Negative — empty body","400 or 422","postman"
"User API","POST","{{baseUrl}}/messages/{{messageName}}/","Negative — non-existent id","404","postman"
